Position,ValueAddedPerGame1,ValueAddedPerGame2
QB,-1.2330556,0.564375
RB,2.7768229,2.6889583
WR,0.9296875,0.9802083
TE,1.95,2.034375
Total,4.4234549,6.2679167
